CID,Name,n_maps,selected_idx,removed_indices,coverage_frac,range,mean_active,std_active,composite_score,score_diff,close_call,z_coverage,z_range,z_mean
58,2-ketobutyric acid,1,0,,0.27524286134824844,7.699999999999999,0.6368463636363637,0.6382798924727396,0.0,,False,,,
126,4-hydroxybenzaldehyde,1,0,,0.3491315866941419,12.150300000000001,0.5841483979763912,0.4860269157512798,0.0,,False,,,
176,acetic acid,1,0,,0.3347070944951428,8.8854,0.4747180299032542,0.42723956044076417,0.0,,False,,,
179,acetoin,1,0,,0.2569914630556373,7.552,0.785858178694158,0.70893414722813,0.0,,False,,,
180,acetone-simp,3,2,"0,1",0.27848101265822783,11.258,0.6542588689217759,0.6377482391154126,0.14609583573387694,0.08841400314194545,True,-1.1406468642034606,1.0432873073938418,-0.48691078508699154
240,benzaldehyde,3,2,"0,1",0.2867235796290845,6.12,0.7000924024640657,0.5337495622086104,0.4668627120946652,0.21369017160645698,True,0.22374751166058254,0.1645593230341745,-0.15711175479981632
244,benzyl alcohol,1,0,,0.2976155431262879,6.01,0.5548367952522256,0.5350656042596436,0.0,,False,,,
261,butanal,1,0,,0.33794524580512214,7.6243,0.5482579268292683,0.4811831186322703,0.0,,False,,,
263,1-butanol,2,1,0,0.2976155431262879,9.915700000000001,0.6803923837784372,0.5653091003014502,1.767766952966342,3.5355339059327373,False,0.7071067811865208,0.7071067811865476,-0.7071067811865475
264,butyric acid,2,1,0,0.2973211657344716,8.204699999999999,0.529480099009901,0.5875431393725508,1.7677669529663704,3.5355339059327373,False,0.7071067811865493,0.7071067811865475,-0.7071067811865476
284,formic acid,1,0,,0.33323520753606123,11.1499,0.5273226148409894,0.5108772963681194,0.0,,False,,,
356,octane,3,2,"0,1",0.31763320576979687,7.01,0.6471455050973123,0.4768715708102001,2.3757855809349118,2.2257838006940243,False,0.7950442410836983,1.0591519629239279,-1.0431787538545712
379,octanoic acid,1,0,,0.2802472770091257,6.789,0.5684297268907562,0.5968609219719753,0.0,,False,,,
454,octanal,1,0,,0.2584633500147189,5.498,0.7520461275626423,0.6519172712250004,0.0,,False,,,
460,guaiacol,1,0,,0.33971151015602,10.681000000000001,0.5808290294627384,0.533705760721493,0.0,,False,,,
527,propanal,1,0,,0.34177215189873417,12.360199999999999,0.5294959517657193,0.5058055570158948,0.0,,False,,,
568,dibenzofuran,1,0,,0.3294083014424492,7.371,0.6166557730116176,0.5068416427920969,0.0,,False,,,
650,"2,3-butanedione",1,0,,0.260523991757433,8.496,0.7465068248587571,0.7311049073473106,0.0,,False,,,
702,ethanol,1,0,,0.33823962319693845,9.697799999999999,0.4902126196692777,0.4353859416407802,0.0,,False,,,
887,methanol,6,3,"0,1,2,4,5",0.3506034736532234,13.6837,0.46993694374475237,0.4147283415178731,3.446833498033686,2.019063646786325,False,1.4870133697928911,1.4510215756934923,-1.017597105094605
931,naphthalene,1,0,,0.3229319988224904,10.5449,0.6279061987237923,0.5505257081801245,0.0,,False,,,
957,1-octanol,2,0,1,0.29202237268177805,12.4713,0.5309083669354839,0.4944357541688899,1.7677669529663713,3.5355339059327378,False,0.7071067811865501,0.7071067811865472,-0.7071067811865479
1031,1-propanol,2,0,1,0.2793641448336768,8.4141,0.6707702845100105,0.6606224392266121,1.7677669529663673,3.5355339059327378,False,0.7071067811865459,0.7071067811865476,-0.7071067811865476
1032,propionic acid,1,0,,0.30909626140712393,7.7691,0.5263680000000001,0.5335129372330605,0.0,,False,,,
1140,Toluene,1,0,,0.3214601118634089,8.463999999999999,0.6294831501831503,0.5361425075691107,0.0,,False,,,
1183,vanillin,1,0,,0.36120105975861055,10.7076,0.5418000814995926,0.4135529169503798,0.0,,False,,,
2758,eucalyptol,3,0,"1,2",0.2905504857226965,7.284000000000001,0.7445780952380953,0.6730295816779495,1.8935352039284021,1.1824753758443614,False,0.5477574921327242,1.0903851316463398,-0.5107851602986766
3314,eugenol,1,0,,0.30997939358257287,6.651999999999999,0.498189363722697,0.439290297742038,0.0,,False,,,
3776,isopropanol,1,0,,0.30320871357079776,6.2669,0.562967572815534,0.4869145786380043,0.0,,False,,,
3893,lauric acid,1,0,,0.31969384751251106,11.361,0.6003319889502763,0.535551725293915,0.0,,False,,,
4133,methyl salicylate,7,5,"0,1,2,3,4,6",0.3344127171033265,10.483,0.4960908714788733,0.5275558785374628,3.2106992265148193,1.1705183309617322,False,1.2015723402171177,1.4441184555148125,-1.1300168615657786
5634,undecylenic acid,1,0,,0.30909626140712393,10.999,0.6210519428571429,0.5537045620910268,0.0,,False,,,
6184,hexanal,1,0,,0.25316455696202533,7.1025,0.7497377906976744,0.7784845224685113,0.0,,False,,,
6276,1-pentanol,6,2,"0,1,3,4,5",0.31115690314983807,14.391100000000002,0.6020986754966887,0.5415227887068832,2.569315680939222,0.8101780006963648,False,0.42052708769532926,1.9662817618926232,-0.3650136627025396
6386,tert-butanol,1,0,,0.2699440682955549,7.1722,0.7976729552889859,0.6524777034085124,0.0,,False,,,
6416,pinacolone,1,0,,0.3035030909626141,7.7155000000000005,0.686453249272551,0.5698087776533458,0.0,,False,,,
6417,trimethylacetic acid,1,0,,0.3002649396526347,6.7305,0.5960728431372548,0.5555917627371093,0.0,,False,,,
6425,pinacol,1,0,,0.2914336178981454,7.9548000000000005,0.6928836363636364,0.6432884646740811,0.0,,False,,,
6501,ethyl 3-methyl-3-phenylglycidate,1,0,,0.3229319988224904,11.2538,0.5801378304466728,0.5171054846907035,0.0,,False,,,
6549,linalool,1,0,,0.324403885781572,7.417,0.5687587931034483,0.4573880848174069,0.0,,False,,,
6560,isobutanol,1,0,,0.27671474830733,6.268000000000001,0.7215405319148936,0.5841908126464915,0.0,,False,,,
6568,2-butanol,2,0,1,0.2879010891963497,6.066000000000001,0.6638559202453987,0.545096986284518,0.3535533905932758,0.7071067811865477,False,0.7071067811865498,-0.7071067811865475,-0.7071067811865469
6569,2-butanone,2,0,1,0.29555490138357376,8.461,0.6815616932270916,0.6792937685574024,1.7677669529663689,3.5355339059327378,False,0.7071067811865476,0.7071067811865476,-0.7071067811865476
6584,methyl acetate,1,0,,0.31910509272887844,9.009,0.5469302121771218,0.5223787300281669,0.0,,False,,,
6590,isobutyric acid,1,0,,0.2731822196055343,8.4774,0.7006901939655173,0.6810372634628463,0.0,,False,,,
6669,ketone moschus,1,0,,0.30585811009714453,11.0085,0.6009063522617902,0.6293601224976485,0.0,,False,,,
6989,thymol,1,0,,0.3179275831616132,9.237,0.7015756481481482,0.6199201046412908,0.0,,False,,,
7047,quinoline,1,0,,0.32263762143067415,8.8421,0.5923295620437956,0.531538341502661,0.0,,False,,,
7144,creosol,1,0,,0.2876067118045334,5.438000000000001,0.6507454759467758,0.5627819548787597,0.0,,False,,,
7150,methyl benzoate,3,0,"1,2",0.2558139534883721,7.268,0.8023474913693902,0.6896058695286014,1.443375672974068,0.0,True,0.5773502691896277,0.577350269189627,-0.5773502691896268
7151,methyl nicotinate,1,0,,0.34765969973506033,8.6607,0.541708467400508,0.44782777982785166,0.0,,False,,,
7169,phenyl benzoate,1,0,,0.33823962319693845,6.941000000000001,0.6162770670147955,0.4836324337168886,0.0,,False,,,
7237,o-xylene,1,0,,0.2749484839564321,6.365,0.7045886081370449,0.5437485992834262,0.0,,False,,,
7247,"1,2,4-trimethylbenzene",1,0,,0.3114512805416544,6.808,0.6538925992438563,0.5461047671781829,0.0,,False,,,
7268,diethyl oxalate,1,0,,0.2770091256991463,6.3116,0.7105580233793836,0.6831513243472567,0.0,,False,,,
7334,ethyl chrysanthemumate,1,0,,0.29820429790992053,7.8776,0.7065503455083909,0.6089009513712623,0.0,,False,,,
7366,tert-butylbenzene,2,0,1,0.29496614659994114,6.237,0.6824947604790419,0.5098642002874129,1.7677669529663638,3.5355339059327378,False,0.7071067811865426,0.7071067811865476,-0.7071067811865475
7406,isopropylbenzene,1,0,,0.2814247865763909,5.77,0.7269249999999999,0.5538581901550055,0.0,,False,,,
7410,acetophenone,1,0,,0.2940830144244922,6.33,0.7876876876876877,0.6068809298549264,0.0,,False,,,
7460,alpha-phellandrene,2,1,0,0.27082720047100384,5.503500000000001,0.8575814130434782,0.6346399421789278,0.3535533905933066,0.7071067811865474,False,0.7071067811865475,-0.7071067811865476,-0.7071067811866134
7500,ethylbenzene,3,0,"1,2",0.31262879010891964,5.221,0.5337566478342749,0.44454968437979087,0.6918399076064602,1.023969150459438,False,0.9631352768350945,-0.828402679970454,-1.1142146214836395
7507,cyclohexylmethanol,1,0,,0.29202237268177805,8.510000000000002,0.6243649193548387,0.6730370201879997,0.0,,False,,,
7559,methyl phenylacetate,1,0,,0.3199882249043273,8.5117,0.640044342226311,0.5296842333577673,0.0,,False,,,
7581,2-benzylpyridine,1,0,,0.30468060052987933,9.2512,0.708982995169082,0.5624653808354537,0.0,,False,,,
7583,diphenyl ether,1,0,,0.3008536944362673,7.6042000000000005,0.6154048923679061,0.5472856994347746,0.0,,False,,,
7668,propylbenzene,1,0,,0.3037974683544304,6.858,0.6741467538759689,0.5015718218605595,0.0,,False,,,
7705,butylbenzene,1,0,,0.3123344127171033,8.793,0.60603849198869,0.4733752713374905,0.0,,False,,,
7725,p-tolualdehyde,1,0,,0.30585811009714453,7.068,0.6331405678537054,0.5469991177186229,0.0,,False,,,
7749,ethyl propionate,3,1,"0,2",0.3246982631733883,6.7439,0.5404293744333635,0.47891224787842673,0.8276535842286336,0.5809530823506753,False,1.1349746649165142,-0.850876540123748,-1.0871109188717347
7761,diethyl malonate,1,0,,0.29584927877539,8.761099999999999,0.6754008955223881,0.6235190614641611,0.0,,False,,,
7762,ethyl butyrate,3,0,"1,2",0.2602296143656167,7.077,0.7779072850678733,0.671720916094866,1.4569635871342559,0.3737189313853724,True,0.11624492099477435,1.070447709515766,-0.5405419132474308
7765,diethylacetal,1,0,,0.27465410656461586,9.1639,0.7345286173633441,0.6891223188354638,0.0,,False,,,
7770,propyl butyrate,1,0,,0.25964085958198413,6.9140999999999995,0.7580944444444445,0.640905851971711,0.0,,False,,,
7792,"3,7-dimethyloctan-1-ol",1,0,,0.3052693553135119,6.211,0.5253692864030858,0.43928083291018744,0.0,,False,,,
7795,isoamyl butyrate,1,0,,0.29526052399175745,7.2789,0.6614614157527418,0.5716288536086643,0.0,,False,,,
7797,ethyl heptanoate,2,1,0,0.29025610833088017,6.4426,0.585079817444219,0.479755962504044,1.7677669529663687,3.5355339059327373,False,0.7071067811865475,0.7071067811865475,-0.7071067811865476
7799,ethyl caprylate,1,0,,0.28584044745363557,7.0861,0.6520073120494336,0.4829342158582646,0.0,,False,,,
7802,3-heptanone,1,0,,0.25434206652929053,5.23,0.8509680555555555,0.6807123867976383,0.0,,False,,,
7803,propyl propionate,1,0,,0.2493376508684133,7.2569,0.8769485242030697,0.6926739719035238,0.0,,False,,,
7809,p-xylene,1,0,,0.28996173093906386,7.255,0.6133910558375635,0.5311000443652528,0.0,,False,,,
7824,methyl caproate,1,0,,0.28054165440094203,7.527900000000001,0.6814699895068205,0.5090056964881607,0.0,,False,,,
7826,methyl heptanoate,1,0,,0.27583161613188106,6.38,0.7366275346851654,0.5805156716640854,0.0,,False,,,
7895,2-pentanone,1,0,,0.2664115395937592,7.688599999999999,0.7881924861878453,0.6730994212796264,0.0,,False,,,
7929,m-xylene,1,0,,0.29879305269355316,8.943999999999999,0.6299853004926108,0.5499901521318837,0.0,,False,,,
7938,"2,6-dimethylpyrazine",1,0,,0.28171916396820723,6.458,0.7117773981191224,0.6081174556402396,0.0,,False,,,
7943,dimethyl malonate,1,0,,0.3229319988224904,8.1205,0.5404482224247948,0.47115621833688537,0.0,,False,,,
7947,mesitylene,2,0,1,0.31439505445981747,7.261,0.6853951310861423,0.5739575513151535,0.35355339059326113,0.7071067811865475,False,0.7071067811865142,-0.7071067811865472,-0.7071067811865884
7967,cyclohexanone,1,0,,0.2587577274065352,6.2989999999999995,0.8853855517633674,0.6556725052818688,0.0,,False,,,
7991,valeric acid,11,9,"0,1,2,3,4,5,6,7,8,10",0.32881954665881663,10.339300000000001,0.47442050134288266,0.4991425989731652,3.0703672864016873,0.1619875639041628,True,1.4082717795535158,1.0136351604687919,-1.2969206927587589
7997,propyl acetate,1,0,,0.2249043273476597,9.1597,0.8472369109947644,0.8174217507894909,0.0,,False,,,
8034,5-methyl-2-hexanone,1,0,,0.2699440682955549,5.59,0.8409051254089422,0.6696288370727317,0.0,,False,,,
8035,"2,5-hexanedione",1,0,,0.3008536944362673,6.928,0.6639664187866927,0.5832938712072652,0.0,,False,,,
8051,2-heptanone,2,0,1,0.2826022961436562,6.3926,0.7147372916666667,0.5291579450773637,1.7677669529663715,3.5355339059327378,False,0.7071067811865499,0.7071067811865479,-0.7071067811865476
8058,hexane,1,0,,0.3199882249043273,6.3146,0.6363247470101197,0.47955213733593566,0.0,,False,,,
8060,pentylamine,1,0,,0.31410067706800116,6.24,0.6227164104967198,0.5285413071884295,0.0,,False,,,
8063,pentanal,5,4,"0,1,2,3",0.3294083014424492,10.183399999999999,0.5411646112600537,0.5156049367780078,2.75046847357452,1.4553525065805917,False,1.3057010504170121,1.000451834543618,-0.8886311772277798
8067,pentanethiol,1,0,,0.33735649102148957,7.742000000000001,0.5801253315881327,0.4998762911831478,0.0,,False,,,
8091,methyl octanoate,1,0,,0.28848984397998234,6.156000000000001,0.6924233979591836,0.6073838745105887,0.0,,False,,,
8092,methyl 2-octynoate,1,0,,0.27671474830733,7.247999999999999,0.7692092127659574,0.6457182680555483,0.0,,False,,,
8093,2-octanone,5,3,"0,1,2,4",0.30909626140712393,6.6539,0.687418,0.5383097238312141,1.5917673563278667,0.3432154203079616,True,0.48011540150869025,1.0549307284941567,-0.1134424526500393
8103,1-hexanol,3,0,"1,2",0.33323520753606123,11.754100000000001,0.4900886925795054,0.481138393635074,2.6928711696188343,3.164297285688858,False,1.0768124051411339,1.0497851621401855,-1.1325472046750302
8118,dipropylsulfide,2,0,1,0.3199882249043273,5.498,0.5721155105795768,0.4698175041214675,0.35355339059327395,0.7071067811865475,False,0.7071067811865485,-0.707106781186548,-0.707106781186547
8125,1-octene,1,0,,0.3232263762143067,5.409,0.659541548269581,0.44888851599169255,0.0,,False,,,
8129,1-heptanol,3,1,"0,2",0.31086252575802176,7.08,0.6345549242424242,0.5495883366542251,2.263401748475678,2.7015739715171283,False,1.1333843958118437,0.5527203585213661,-1.1545939882849363
8130,heptanal,2,1,0,0.29025610833088017,4.52,0.7717241379310344,0.5447835502269573,0.35355339059327545,0.7071067811865477,False,0.7071067811865466,-0.7071067811865468,-0.7071067811865513
8141,nonane,1,0,,0.30144244921989993,6.5572,0.67871181640625,0.5161718343017063,0.0,,False,,,
8143,octylamine,1,0,,0.3123344127171033,6.693,0.5823578699340244,0.49219090907458884,0.0,,False,,,
8160,2-butoxyethanol acetate,1,0,,0.27229908743008535,6.8100000000000005,0.7585232432432433,0.6906494295076273,0.0,,False,,,
8163,2-undecanone,1,0,,0.31645569620253167,6.0175,0.6565042790697674,0.5486306336395518,0.0,,False,,,
8174,1-decanol,1,0,,0.31115690314983807,11.362,0.510280141911069,0.4540473621375077,0.0,,False,,,
8175,decanal,2,1,0,0.22549308213129232,7.4352,0.8477486945169714,1.0221396644269811,1.7677669529663707,3.5355339059327378,False,0.7071067811865487,0.7071067811865476,-0.7071067811865487
8182,dodecane,1,0,,0.28701795702090077,7.5911,0.6170875897435897,0.6023610239032572,0.0,,False,,,
8184,1-undecanol,1,0,,0.3344127171033265,7.7739,0.48696637323943665,0.4774649064563908,0.0,,False,,,
8194,dodecanal,1,0,,0.2970267883426553,5.928000000000001,0.6782149554013875,0.6331060126012831,0.0,,False,,,
8205,lauryl acetate,1,0,,0.2587577274065352,9.4788,0.8204436860068259,0.7166904138371547,0.0,,False,,,
8257,2-methyl-3-buten-2-ol,1,0,,0.31439505445981747,6.971500000000001,0.7213562734082397,0.5745979620275923,0.0,,False,,,
8369,maltol,1,0,,0.3152781866352664,16.2421,0.5560682539682539,0.6269217030208903,0.0,,False,,,
8615,phenethyl anthranilate,1,0,,0.2937886370326759,10.0648,0.5961868737474949,0.6491645783756854,0.0,,False,,,
8635,methyl anthranilate,2,0,1,0.30644686488077716,6.416,0.4980600768491835,0.4495874562901019,0.3535533905932737,0.7071067811865474,False,0.7071067811865475,-0.7071067811865476,-0.7071067811865476
8658,o-anisaldehyde,1,0,,0.27259346482190167,8.4228,0.6344016198704104,0.6004569845090956,0.0,,False,,,
8842,beta-citronellol,1,0,,0.31410067706800116,7.013,0.4870080506091847,0.3987834611736871,0.0,,False,,,
8857,ethyl acetate,2,0,1,0.3314689431851634,8.7372,0.41698250444049734,0.4130171880713872,0.35355339059327473,0.7071067811865474,False,0.7071067811865482,-0.7071067811865472,-0.7071067811865475
8858,4-methyl-3-penten-2-one,1,0,,0.29231675007359437,6.380000000000001,0.7901409869083584,0.5958723244548207,0.0,,False,,,
8892,caproic acid,2,0,1,0.28171916396820723,12.3849,0.6340359456635319,0.560741583505985,1.0606601717799538,2.121320343559643,False,0.7071067811866809,0.7071067811865475,0.7071067811865495
8900,heptane,6,2,"0,1,3,4,5",0.3049749779216956,7.935,0.734340723938224,0.49422163624763205,1.4758070818337963,0.22850832107530872,True,1.2352933096376237,-0.18212220383188749,-0.84527195205612
8902,dipropylamine,1,0,,0.30615248748896084,6.497999999999999,0.6844602788461539,0.606387512175604,0.0,,False,,,
8908,hexyl acetate,1,0,,0.2990874300853694,7.473199999999999,0.6542294291338583,0.4996985608569518,0.0,,False,,,
8914,1-nonanol,1,0,,0.30939063879894024,6.107,0.5305472882968602,0.47083713636639235,0.0,,False,,,
9007,3-methoxyphenol,1,0,,0.3182219605534295,7.843,0.5482029047178538,0.4814220154632432,0.0,,False,,,
9233,norbornane,1,0,,0.30468060052987933,9.642,0.6358292753623188,0.4458892993518455,0.0,,False,,,
9234,7-oxabicyclo[2.2.1]heptane,1,0,,0.2840741831027377,7.1579999999999995,0.7563392227979274,0.6214768161713382,0.0,,False,,,
9266,cyclooctane,1,0,,0.28848984397998234,6.309699999999999,0.7687458163265306,0.5335918529967804,0.0,,False,,,
10263,"1,2,3,4-tetramethylbenzene",1,0,,0.3529584927877539,7.298,0.622472210175146,0.4700567447646984,0.0,,False,,,
10345,norcamphor,1,0,,0.2861348248454519,7.838000000000001,0.6726507818930042,0.540154558982057,0.0,,False,,,
10405,5-nonanone,1,0,,0.3291139240506329,6.338,0.6298122808586762,0.48466313117640875,0.0,,False,,,
10686,"1,2,3-trimethylbenzene",1,0,,0.27465410656461586,7.333,0.7267374490889603,0.6044103651001017,0.0,,False,,,
10722,o-tolualdehyde,1,0,,0.29202237268177805,8.073,0.7128976814516129,0.5907136424455061,0.0,,False,,,
10882,ethyl valerate,2,1,0,0.2796585222254931,6.4998000000000005,0.7001347368421053,0.5703017454624897,1.7677669529663662,3.5355339059327373,False,0.7071067811865447,0.7071067811865476,-0.7071067811865481
10953,delta-valerolactone,1,0,,0.2893729761554313,7.958,0.6250464292980672,0.6116132001952451,0.0,,False,,,
10976,2-heptanol,2,1,0,0.3220488666470415,5.8431999999999995,0.7532705667276051,0.5601746846509671,0.3535533905932737,0.7071067811865474,False,0.7071067811865475,-0.7071067811865476,-0.7071067811865476
11005,myrisitic acid,1,0,,0.3344127171033265,10.115,0.5502492605633802,0.5970198214570916,0.0,,False,,,
11006,hexadecane,1,0,,0.26817780394465707,8.1918,0.7240556531284303,0.6428799441573563,0.0,,False,,,
11040,methyl lactate,1,0,,0.3199882249043273,6.5855999999999995,0.5858932842686292,0.54534344846255,0.0,,False,,,
11173,3-methyl-2-buten-1-ol,1,0,,0.26582278481012656,5.92,0.8022812846068661,0.6987811731625688,0.0,,False,,,
11509,3-hexanone,2,0,1,0.3079187518398587,5.721,0.7038281070745697,0.48140166994860334,1.7677669529663684,3.5355339059327373,False,0.7071067811865475,0.7071067811865476,-0.707106781186547
11513,4-heptanol,1,0,,0.3055637327053282,5.6098,0.7968188824662813,0.6444531248919129,0.0,,False,,,
11520,3-heptanol,1,0,,0.2946717692081248,4.9552,0.8007623376623376,0.611726578859254,0.0,,False,,,
11529,butyl propionate,1,0,,0.2802472770091257,6.6251999999999995,0.7626384453781513,0.5864342162353189,0.0,,False,,,
11559,alpha-angelica lactone,1,0,,0.3070356196644098,11.6898,0.6612698945349953,0.6082882974886481,0.0,,False,,,
11569,m-anisaldehyde,2,0,1,0.29584927877539,9.1984,0.5891792039800995,0.5657524310765426,0.3535533905932743,0.7071067811865476,False,-0.7071067811865475,0.707106781186548,-0.7071067811865475
11579,levulinic acid,1,0,,0.34118339711510154,9.44,0.48861723899913717,0.4388209256628773,0.0,,False,,,
11583,2-hexanone,6,2,"0,1,3,4,5",0.33676773623785694,12.4088,0.571601486013986,0.5059939947260647,4.777688383338907,4.928425060575325,False,1.8985876203836827,2.0078936789715565,-1.7424141679673353
11617,diallyl sulfide,1,0,,0.28907859876361497,7.895,0.7029911914460285,0.6520164888696827,0.0,,False,,,
11622,2-tridecanone,1,0,,0.34059464233146897,10.103,0.5398651685393259,0.5102922529651097,0.0,,False,,,
12105,m-tolualdehyde,1,0,,0.29997056226081836,5.186,0.6171987242394505,0.4857462527662856,0.0,,False,,,
12202,5-nonanol,1,0,,0.3073299970562261,5.5855,0.6398774904214559,0.524760500891598,0.0,,False,,,
12206,methyl valerate,4,0,"1,2,3",0.3326464527524286,11.6784,0.5603269026548673,0.5372265349390505,2.7991769172767174,1.5506068089684613,False,1.085530143199706,1.3120894390018356,-0.8031146701503509
12216,3-nonanol,1,0,,0.3052693553135119,6.888199999999999,0.6090073288331725,0.5168973574260948,0.0,,False,,,
12243,2-methyl-2-pentene,1,0,,0.2705328230791875,6.12,0.7859085963003264,0.6144004715286913,0.0,,False,,,
12296,4-methyl-1-pentanol,1,0,,0.3035030909626141,9.01,0.7470029097963142,0.639666225245598,0.0,,False,,,
12297,2-hexanol,1,0,,0.29290550485722694,7.6964,0.7553275376884422,0.5550978823599219,0.0,,False,,,
12348,amyl acetate,1,0,,0.27583161613188106,11.8125,0.798698719316969,0.6311386542719299,0.0,,False,,,
12367,2-nonanol,1,0,,0.3011480718280836,5.7287,0.6397978494623655,0.5288884126869807,0.0,,False,,,
12370,1-octyne,1,0,,0.3067412422725935,4.753,0.7169135316698657,0.4378930792805124,0.0,,False,,,
12377,dipropyl disulfide,1,0,,0.27465410656461586,7.879,0.7250073954983923,0.704836009076023,0.0,,False,,,
12388,tridecane,1,0,,0.29997056226081836,7.5338,0.5513301275760549,0.5062962146633307,0.0,,False,,,
12389,tetradecane,1,0,,0.29673241095083897,8.5491,0.6175737103174603,0.5460380804221938,0.0,,False,,,
12391,pentadecane-acros,7,4,"0,1,2,3,5,6",0.33500147188695906,10.1721,0.6042159050966608,0.4993373264543851,4.390144212666367,3.364938296412868,False,1.7313512974809597,2.1509689082315426,-1.0156480139077293
12508,isopropyl propionate,1,0,,0.20194289078598765,8.0547,0.9566981049562684,0.8453987075195402,0.0,,False,,,
12741,2-decanone,2,1,0,0.29231675007359437,9.8809,0.6853573011077543,0.6425374881007886,0.3535533905932773,0.7071067811865474,False,-0.7071067811865343,0.7071067811865474,-0.7071067811865284
12844,delta-dodecanalactone,1,0,,0.31321754489255227,9.8216,0.574209022556391,0.5180232095866683,0.0,,False,,,
13162,8-pentadecanone,1,0,,0.3311745657933471,10.754,0.4998366222222222,0.4490081568715794,0.0,,False,,,
13187,2-nonanone,3,0,"1,2",0.3220488666470415,7.1104,0.639320201096892,0.4617371995293535,1.0726537450975895,0.5399514751534668,False,0.5346282774891815,1.0615858331609351,1.0471207311050543
13207,acetylcyclohexane,1,0,,0.2905504857226965,6.02,0.8357649442755825,0.6326332429842314,0.0,,False,,,
13398,"3,3,5-trimethylcyclohexanone",1,0,,0.29643803355902265,5.395,0.7616758689175769,0.5872240997780098,0.0,,False,,,
13546,methyl 3-methylbutenoate,1,0,,0.2826022961436562,6.23,0.8764791666666666,0.6736861438379935,0.0,,False,,,
14066,3-acetyl-1-propanol,1,0,,0.31645569620253167,11.21,0.5162596372093023,0.5092438339379951,0.0,,False,,,
14257,undecane,1,0,,0.3055637327053282,6.3852,0.6467656069364162,0.5182698191254691,0.0,,False,,,
14286,2-acetylpyridine,1,0,,0.2808360317927583,6.0507,0.7099172955974843,0.605441471033834,0.0,,False,,,
14296,"2,3,5,6-tetramethylpyrazine",1,0,,0.3102737709743892,8.634,0.6151964705882353,0.5498597736788207,0.0,,False,,,
15448,2-undecanol,1,0,,0.33058581100971446,10.9337,0.5062056099732858,0.4637633486565429,0.0,,False,,,
15600,decane,1,0,,0.2867235796290845,6.1726,0.6213465092402465,0.5328890000255064,0.0,,False,,,
16029,4-octyne,1,0,,0.31969384751251106,5.807,0.6696197974217312,0.49683130970230877,0.0,,False,,,
16275,cyclohexanecarboxaldehyde,1,0,,0.3037974683544304,7.32,0.7410658914728682,0.5691653990469442,0.0,,False,,,
16301,diethyl suberate,1,0,,0.28701795702090077,6.0541,0.6640403076923077,0.6478669013402468,0.0,,False,,,
16666,L-menthol,2,1,0,0.32734765969973506,14.6212,0.546381654676259,0.5523031484546739,1.0606601717798214,2.121320343559643,False,0.7071067811865476,0.7071067811865476,0.7071067811865475
17008,methyl isocaproate,1,0,,0.2696496909037386,5.26,0.826735807860262,0.705754064244866,0.0,,False,,,
17769,2-octyne,1,0,,0.3020312040035325,5.661,0.7552619103313839,0.5348703616815176,0.0,,False,,,
18554,2-ethylfuran,1,0,,0.3105681483662055,8.4469,0.597094691943128,0.47177149568667315,0.0,,False,,,
19309,"2,5-dimethyl-4-hydroxy-3-(2H)-furanone",1,0,,0.31086252575802176,9.3997,0.628061268939394,0.5556702231876429,0.0,,False,,,
19460,"1,7-octadiene",1,0,,0.3040918457462467,5.881,0.7221562342691191,0.48338078068914064,0.0,,False,,,
19707,"2,3-hexanedione",1,0,,0.28525169267000294,9.068,0.7573848194014448,0.6179508934881812,0.0,,False,,,
19878,4-tert-butylpyridine,1,0,,0.25758021783926993,4.8941,0.9202605714285715,0.6164491411854225,0.0,,False,,,
20083,2-octanol,1,0,,0.27583161613188106,8.9485,0.7599247598719318,0.6761971720601989,0.0,,False,,,
20748,methyl cyclohexanecarboxylate,1,0,,0.2637621430674124,5.32,0.8283816964285714,0.6374302775771811,0.0,,False,,,
21009,methyl thiosalicylate,1,0,,0.34030026493965265,7.496,0.40527921280276824,0.33916923493203255,0.0,,False,,,
22201,"2,3-dimethylpyrazine",1,0,,0.2631733882837798,7.885,0.8308548993288591,0.583901889004613,0.0,,False,,,
22217,4-nonanol,1,0,,0.2781866352664115,6.88,0.7433008465608466,0.6773539168376957,0.0,,False,,,
22386,2-pentanol,1,0,,0.24698263173388285,6.789,0.8259029797377829,0.7266009769748615,0.0,,False,,,
22556,2_dodecanone,1,0,,0.3114512805416544,10.793,0.5799174291115313,0.557921707419791,0.0,,False,,,
25612,9-decen-1-ol,1,0,,0.3117456579334707,10.187999999999999,0.537132625118036,0.44913638995138966,0.0,,False,,,
26447,L-menthone,4,2,"0,1,3",0.31586694141889904,7.4329,0.559955172413793,0.5026561287209383,3.205841205223084,2.8083145842555624,False,1.416858314345961,1.0446557989398504,-1.4886541838745455
26808,"2,3,5-trimethylpyrazine",1,0,,0.2781866352664115,7.306,0.7235753968253967,0.5910422338241913,0.0,,False,,,
27867,L-menthyl acetate,2,0,1,0.31969384751251106,9.6116,0.5104541436464088,0.4888693530411443,0.35355339059323515,0.7071067811865472,False,-0.7071067811865809,0.7071067811865438,-0.7071067811865445
31244,p-anisaldehyde,1,0,,0.3135119222843686,10.4877,0.4611696713615024,0.4607991928200915,0.0,,False,,,
31246,4-heptanone,1,0,,0.24080070650574037,6.8294999999999995,0.8605496332518336,0.723398789609116,0.0,,False,,,
31249,diethyl succinate,1,0,,0.3102737709743892,7.3406,0.5690388994307399,0.5348182239960914,0.0,,False,,,
31252,"2,5-dimethylpyrazine",1,0,,0.28878422137179866,7.8759999999999994,0.7070602140672784,0.5532945156411622,0.0,,False,,,
31265,ethyl caproate,2,1,0,0.27141595525463647,7.5373,0.6964403470715835,0.5743017320116984,0.3535533905932733,0.7071067811865476,False,-0.7071067811865475,0.707106781186547,-0.7071067811865475
31272,butyl acetate,1,0,,0.27553723874006475,6.5916999999999994,0.7739264957264956,0.6199420638105928,0.0,,False,,,
31276,isoamyl acetate,1,0,,0.29025610833088017,7.7924,0.7260320486815416,0.6375969432771227,0.0,,False,,,
31283,ethyl tetradecanoate,1,0,,0.2879010891963497,8.808,0.6877365439672801,0.6384469762118605,0.0,,False,,,
31289,nonanal,1,0,,0.24963202826022962,5.399,0.7892961084905661,0.6858426527881166,0.0,,False,,,
32045,6-undecanol,1,0,,0.3211657344715926,7.0785,0.5292697525206232,0.5440854368615252,0.0,,False,,,
33094,methyl benzoate,1,0,,0.2664115395937592,7.407,0.7932352044198896,0.6425207287306804,0.0,,False,,,
60997,p-tolyl phenylacetate,1,0,,0.2990874300853694,6.9244,0.6015433070866142,0.5489927618766938,0.0,,False,,,
61016,"2,6-dimethyl-5-heptenal",1,0,,0.2731822196055343,6.729800000000001,0.7663070043103449,0.6033346408786167,0.0,,False,,,
61020,3-methyl-2-butenal,1,0,,0.25345893435384165,9.1,0.8716130081300815,0.8201698648699408,0.0,,False,,,
61138,4-pentenoic acid,1,0,,0.26817780394465707,7.0762,0.6401634467618003,0.660907329802766,0.0,,False,,,
61199,abhexone,1,0,,0.2634677656755961,5.5799,0.6838351955307262,0.6912994726081554,0.0,,False,,,
61206,farnesyl acetone,1,0,,0.2914336178981454,8.345600000000001,0.689839191919192,0.6156934525184545,0.0,,False,,,
61303,2-pentadecanone,1,0,,0.3052693553135119,14.934000000000001,0.6025060366441658,0.6124070390145209,0.0,,False,,,
61384,phenethyl hexanoate,1,0,,0.3011480718280836,7.2869,0.6632735092864126,0.590759043303999,0.0,,False,,,
61814,"2,4-dimethylbenzaldehyde",1,0,,0.27259346482190167,6.788,0.6844273218142549,0.574006043671156,0.0,,False,,,
62003,4-methylnonanoic acid,1,0,,0.3220488666470415,9.764,0.5472153107861061,0.49621028484906043,0.0,,False,,,
62539,"3,4-hexanedione",1,0,,0.2846629378863703,8.302,0.7816822647362978,0.6056519880165143,0.0,,False,,,
66774,methyl glycolate,1,0,,0.3085075066234913,7.6135,0.583418893129771,0.5795598471407926,0.0,,False,,,
69963,5-hexen-1-ol,1,0,,0.29349425964085957,9.2212,0.756020260782347,0.6212917626475771,0.0,,False,,,
70099,"1,7-octadiyne",1,0,,0.3020312040035325,5.801,0.7471889181286551,0.5332059826602998,0.0,,False,,,
70610,monoethyl succinate,1,0,,0.31939947012069475,15.533999999999999,0.4773870875576036,0.577012854817868,0.0,,False,,,
70615,monoethyl malonate,1,0,,0.30997939358257287,13.425,0.4882844919278253,0.561948379202716,0.0,,False,,,
78274,methyl 3-aminobenzoate,1,0,,0.31645569620253167,10.704,0.4604855348837209,0.5045560290358593,0.0,,False,,,
82229,fenchone,2,1,0,0.31410067706800116,6.312200000000001,0.7011511715089035,0.5171649182578967,0.35355339059327373,0.7071067811865475,False,0.7071067811865476,-0.7071067811865476,-0.7071067811865475
82916,"1,5-cyclooctadiene",1,0,,0.2699440682955549,5.043,0.8121573391494002,0.5267977574894034,0.0,,False,,,
88068,methyl 3-hydroxybenzoate,1,0,,0.3155725640270827,9.75,0.44366437500000006,0.4534868463827222,0.0,,False,,,
92831,ethyl lactate,1,0,,0.29555490138357376,6.3769,0.6937096613545817,0.6805567467405994,0.0,,False,,,
93009,L-bornyl acetate,2,0,1,0.3199882249043273,8.478,0.5632458417663294,0.45056093965212607,1.7677669529663684,3.5355339059327378,False,0.7071067811865476,0.7071067811865476,-0.7071067811865468
94060,lavandulol,1,0,,0.3114512805416544,6.768,0.5479301039697543,0.46762874320849107,0.0,,False,,,
98471,2-acetylcyclopentanone,1,0,,0.29202237268177805,7.314400000000001,0.7404188508064516,0.5787476008602558,0.0,,False,,,
99873,2-methylcyclopropanecarboxylic acid,1,0,,0.2525758021783927,7.017,0.8305847086247086,0.8102565000297948,0.0,,False,,,
159055,(1R)-(+)-camphor,2,1,0,0.3135119222843686,10.4594,0.6638446948356808,0.5632195833034006,1.0606601717798254,2.1213203435596424,False,0.7071067811865476,0.7071067811865479,0.7071067811865397
219794,5-hydroxy-4-octanone,1,0,,0.29614365616720634,7.088,0.6903109642147117,0.585435542074633,0.0,,False,,,
251531,phenethyl 2-furoate,1,0,,0.33382396231969386,8.6241,0.613679012345679,0.47851441190315736,0.0,,False,,,
261491,thujone,1,0,,0.3088018840153076,8.189,0.7199134890371783,0.5549434615061924,0.0,,False,,,
369312,perillyl alcohol,1,0,,0.29879305269355316,6.9677,0.6055928078817734,0.5408264796049371,0.0,,False,,,
439250,(-)-limonene,3,1,"0,2",0.3220488666470415,16.4771,0.5350459780621573,0.5586673757479851,2.8748391288385475,4.1184063642677025,False,1.149672790818055,1.1478870136405388,-1.1545586487599082
439570,carvone(-),2,1,0,0.26493965263467767,9.778500000000001,0.6904015555555556,0.6744266774724063,1.7677669529663678,3.5355339059327373,False,0.7071067811865466,0.7071067811865475,-0.7071067811865475
440917,(+)-limonene ,1,0,,0.3067412422725935,5.7219999999999995,0.6636447216890595,0.5330894249794518,0.0,,False,,,
440967,(1S)-(-)-beta-pinene,2,1,0,0.3347070944951428,8.8625,0.6116849604221636,0.5122706286752761,1.0606601717798239,2.121320343559643,False,0.7071067811865476,0.7071067811865476,0.7071067811865426
442478,menthofuran,1,0,,0.25375331174565796,4.9447,0.8818432714617168,0.6696185185881326,0.0,,False,,,
517827,cyclamen aldehyde,1,0,,0.3008536944362673,6.8294999999999995,0.6267508806262231,0.5315812911438254,0.0,,False,,,
565690,menthyl isovalerate,2,1,0,0.3252870179570209,10.3966,0.49067918552036205,0.5345517836081108,0.3535533905932739,0.7071067811865478,False,0.7071067811865476,-0.7071067811865475,-0.7071067811865476
636687,"trans,trans-2,6-nonadienal",1,0,,0.26287901089196347,12.282,0.7245028555431131,0.6418056302269886,0.0,,False,,,
637511,cinnamaldehyde,2,0,1,0.30320871357079776,8.9515,0.7423284466019417,0.6133584478192008,1.060660171779821,2.1213203435596424,False,0.7071067811865475,0.7071067811865475,0.707106781186548
637520,methyl cinnamate,1,0,,0.3123344127171033,10.9408,0.6106026390197927,0.547106709453761,0.0,,False,,,
637566,geraniol,2,0,1,0.31410067706800116,7.0187,0.5161899718837863,0.5037648921872859,0.3535533905932722,0.7071067811865476,False,0.7071067811865476,-0.7071067811865491,-0.7071067811865475
638079,Cyclooctene,1,0,,0.2864292022372682,5.0600000000000005,0.7772484686536485,0.5369535133193565,0.0,,False,,,
641256,"trans, trans-2,4-hexadien-1-ol",1,0,,0.31969384751251106,7.8729,0.5694917127071822,0.5596541844188984,0.0,,False,,,
643731,"trans-2,cis-6-nonadienal",1,0,,0.25139829261112745,8.397,0.793852681498829,0.7443045289081036,0.0,,False,,,
643820,nerol,1,0,,0.31939947012069475,8.160400000000001,0.5082314285714286,0.4647167111285182,0.0,,False,,,
853433,isoeugenol,1,0,,0.3179275831616132,9.573,0.524736638888889,0.5220478668406467,0.0,,False,,,
1549018,cis-jasmone,1,0,,0.31292316750073595,7.4693000000000005,0.6381430856067732,0.5260623385959766,0.0,,False,,,
1549025,neryl acetate,1,0,,0.3079187518398587,8.113199999999999,0.5679282026768643,0.5990809834731047,0.0,,False,,,
1549026,geranyl acetate,1,0,,0.2914336178981454,7.4514,0.6426757575757576,0.6258443418457865,0.0,,False,,,
1796220,longifolene,1,0,,0.3002649396526347,9.714,0.554700156862745,0.523131837855444,0.0,,False,,,
2724161,(+)-terpinen-4-ol,1,0,,0.32381513099793935,7.3095,0.5746398181818182,0.476176382614643,0.0,,False,,,
3578033,3-(5-methyl-2-furyl)butanal,1,0,,0.3070356196644098,5.992,0.652004276126558,0.510915583105607,0.0,,False,,,
5280435,phytol,1,0,,0.28201354136002355,7.5347,0.7793905010438413,0.6420136309789668,0.0,,False,,,
5281167,cis-3-hexen-1-ol,1,0,,0.31616131881071535,7.7607,0.6418356610800745,0.4910844037488692,0.0,,False,,,
5281515,beta-caryophyllene,1,0,,0.27759788048277895,5.018,0.7972560339342524,0.5796296231456435,0.0,,False,,,
5282108,a-ionone,6,3,"0,1,2,4,5",0.33058581100971446,13.5509,0.5299557435440784,0.5387923506052695,3.1641867824164605,1.4047949752823476,False,1.5585429940529107,1.3675152784667972,-0.476257019793505
5283349,"trans,trans-2,4-decadienal",1,0,,0.28525169267000294,8.135,0.7064326522187823,0.586092111360363,0.0,,False,,,
5284503,trans-3-hexen-1-ol,1,0,,0.2926111274654107,6.3965,0.6813491951710261,0.5317274016470565,0.0,,False,,,
5284507,nerolidol,1,0,,0.26287901089196347,5.890499999999999,0.8120609182530795,0.6718609513813808,0.0,,False,,,
5315892,cinnamyl alcohol,1,0,,0.30320871357079776,5.5154,0.5850866990291262,0.5030216250517329,0.0,,False,,,
5318042,trans-2-hexen-1-ol,1,0,,0.3002649396526347,7.440300000000001,0.6555320588235295,0.5136321592362024,0.0,,False,,,
5321950,tiglic aldehyde,1,0,,0.2802472770091257,5.878500000000001,0.7851455882352941,0.5970398480584123,0.0,,False,,,
5324489,cis-2-hexen-1-ol,1,0,,0.3123344127171033,10.8825,0.6574805843543827,0.5433695737573445,0.0,,False,,,
5325830,(-)-terpinen-4-ol,1,0,,0.3264645275242861,10.1858,0.5816865644724978,0.4695192314307561,0.0,,False,,,
5357253,trans-4-octene,1,0,,0.312040035325287,5.662,0.7209071509433962,0.48325076457630256,0.0,,False,,,
5364446,cis-4-octene,1,0,,0.2905504857226965,6.43,0.7397357649442756,0.5678199808661352,0.0,,False,,,
5364448,trans-2-octene,1,0,,0.3276420370915514,6.164,0.7267822551662174,0.4864537072281866,0.0,,False,,,
5364532,methyl trans-2-octenoate,1,0,,0.284368560494554,5.9239999999999995,0.7216722360248446,0.5417126489798557,0.0,,False,,,
5367807,isobutyl angelate,1,0,,0.2879010891963497,6.389200000000001,0.6902360940695296,0.5678299690743857,0.0,,False,,,
5373603,celeriax,1,0,,0.25493082131292316,8.3804,0.8055814087759815,0.745194932501375,0.0,,False,,,
5463682,isoamyl tiglate,1,0,,0.26582278481012656,5.569699999999999,0.8338294573643411,0.6724928959320742,0.0,,False,,,
12315259,santalol,1,0,,0.26817780394465707,8.495,0.729581558726674,0.773739013080279,0.0,,False,,,
