Stimulus,Activity Map Path
10263,csvs/10263_0.csv
1031,csvs/1031_0.csv
1031,csvs/1031_1.csv
1032,csvs/1032_0.csv
10345,csvs/10345_0.csv
10405,csvs/10405_0.csv
10686,csvs/10686_0.csv
10722,csvs/10722_0.csv
10882,csvs/10882_0.csv
10882,csvs/10882_1.csv
10953,csvs/10953_0.csv
10976,csvs/10976_0.csv
10976,csvs/10976_1.csv
11005,csvs/11005_0.csv
11006,csvs/11006_0.csv
11040,csvs/11040_0.csv
11173,csvs/11173_0.csv
1140,csvs/1140_0.csv
11509,csvs/11509_0.csv
11509,csvs/11509_1.csv
11513,csvs/11513_0.csv
11520,csvs/11520_0.csv
11529,csvs/11529_0.csv
11559,csvs/11559_0.csv
11569,csvs/11569_0.csv
11569,csvs/11569_1.csv
11579,csvs/11579_0.csv
11583,csvs/11583_0.csv
11583,csvs/11583_1.csv
11583,csvs/11583_2.csv
11583,csvs/11583_3.csv
11583,csvs/11583_4.csv
11583,csvs/11583_5.csv
11617,csvs/11617_0.csv
11622,csvs/11622_0.csv
1183,csvs/1183_0.csv
12105,csvs/12105_0.csv
12202,csvs/12202_0.csv
12206,csvs/12206_0.csv
12206,csvs/12206_1.csv
12206,csvs/12206_2.csv
12206,csvs/12206_3.csv
12216,csvs/12216_0.csv
12243,csvs/12243_0.csv
12296,csvs/12296_0.csv
12297,csvs/12297_0.csv
12315259,csvs/12315259_0.csv
12348,csvs/12348_0.csv
12367,csvs/12367_0.csv
12370,csvs/12370_0.csv
12377,csvs/12377_0.csv
12388,csvs/12388_0.csv
12389,csvs/12389_0.csv
12391,csvs/12391_0.csv
12391,csvs/12391_1.csv
12391,csvs/12391_2.csv
12391,csvs/12391_3.csv
12391,csvs/12391_4.csv
12391,csvs/12391_5.csv
12391,csvs/12391_6.csv
12508,csvs/12508_0.csv
126,csvs/126_0.csv
12741,csvs/12741_0.csv
12741,csvs/12741_1.csv
12844,csvs/12844_0.csv
13162,csvs/13162_0.csv
13187,csvs/13187_0.csv
13187,csvs/13187_1.csv
13187,csvs/13187_2.csv
13207,csvs/13207_0.csv
13398,csvs/13398_0.csv
13546,csvs/13546_0.csv
14066,csvs/14066_0.csv
14257,csvs/14257_0.csv
14286,csvs/14286_0.csv
14296,csvs/14296_0.csv
15448,csvs/15448_0.csv
1549018,csvs/1549018_0.csv
1549025,csvs/1549025_0.csv
1549026,csvs/1549026_0.csv
15600,csvs/15600_0.csv
159055,csvs/159055_0.csv
159055,csvs/159055_1.csv
16029,csvs/16029_0.csv
16275,csvs/16275_0.csv
16301,csvs/16301_0.csv
16666,csvs/16666_0.csv
16666,csvs/16666_1.csv
17008,csvs/17008_0.csv
176,csvs/176_0.csv
17769,csvs/17769_0.csv
1796220,csvs/1796220_0.csv
179,csvs/179_0.csv
180,csvs/180_0.csv
180,csvs/180_1.csv
180,csvs/180_2.csv
18554,csvs/18554_0.csv
19309,csvs/19309_0.csv
19460,csvs/19460_0.csv
19707,csvs/19707_0.csv
19878,csvs/19878_0.csv
20083,csvs/20083_0.csv
20748,csvs/20748_0.csv
21009,csvs/21009_0.csv
219794,csvs/219794_0.csv
22201,csvs/22201_0.csv
22217,csvs/22217_0.csv
22386,csvs/22386_0.csv
22556,csvs/22556_0.csv
240,csvs/240_0.csv
240,csvs/240_1.csv
240,csvs/240_2.csv
244,csvs/244_0.csv
251531,csvs/251531_0.csv
25612,csvs/25612_0.csv
261491,csvs/261491_0.csv
261,csvs/261_0.csv
263,csvs/263_0.csv
263,csvs/263_1.csv
26447,csvs/26447_0.csv
26447,csvs/26447_1.csv
26447,csvs/26447_2.csv
26447,csvs/26447_3.csv
264,csvs/264_0.csv
264,csvs/264_1.csv
26808,csvs/26808_0.csv
2724161,csvs/2724161_0.csv
2758,csvs/2758_0.csv
2758,csvs/2758_1.csv
2758,csvs/2758_2.csv
27867,csvs/27867_0.csv
27867,csvs/27867_1.csv
284,csvs/284_0.csv
31244,csvs/31244_0.csv
31246,csvs/31246_0.csv
31249,csvs/31249_0.csv
31252,csvs/31252_0.csv
31265,csvs/31265_0.csv
31265,csvs/31265_1.csv
31272,csvs/31272_0.csv
31276,csvs/31276_0.csv
31283,csvs/31283_0.csv
31289,csvs/31289_0.csv
32045,csvs/32045_0.csv
33094,csvs/33094_0.csv
3314,csvs/3314_0.csv
356,csvs/356_0.csv
356,csvs/356_1.csv
356,csvs/356_2.csv
3578033,csvs/3578033_0.csv
369312,csvs/369312_0.csv
3776,csvs/3776_0.csv
379,csvs/379_0.csv
3893,csvs/3893_0.csv
4133,csvs/4133_0.csv
4133,csvs/4133_1.csv
4133,csvs/4133_2.csv
4133,csvs/4133_3.csv
4133,csvs/4133_4.csv
4133,csvs/4133_5.csv
4133,csvs/4133_6.csv
439250,csvs/439250_0.csv
439250,csvs/439250_1.csv
439250,csvs/439250_2.csv
439570,csvs/439570_0.csv
439570,csvs/439570_1.csv
440917,csvs/440917_0.csv
440967,csvs/440967_0.csv
440967,csvs/440967_1.csv
442478,csvs/442478_0.csv
454,csvs/454_0.csv
460,csvs/460_0.csv
517827,csvs/517827_0.csv
527,csvs/527_0.csv
5280435,csvs/5280435_0.csv
5281167,csvs/5281167_0.csv
5281515,csvs/5281515_0.csv
5282108,csvs/5282108_0.csv
5282108,csvs/5282108_1.csv
5282108,csvs/5282108_2.csv
5282108,csvs/5282108_3.csv
5282108,csvs/5282108_4.csv
5282108,csvs/5282108_5.csv
5283349,csvs/5283349_0.csv
5284503,csvs/5284503_0.csv
5284507,csvs/5284507_0.csv
5315892,csvs/5315892_0.csv
5318042,csvs/5318042_0.csv
5321950,csvs/5321950_0.csv
5324489,csvs/5324489_0.csv
5325830,csvs/5325830_0.csv
5357253,csvs/5357253_0.csv
5364446,csvs/5364446_0.csv
5364448,csvs/5364448_0.csv
5364532,csvs/5364532_0.csv
5367807,csvs/5367807_0.csv
5373603,csvs/5373603_0.csv
5463682,csvs/5463682_0.csv
5634,csvs/5634_0.csv
565690,csvs/565690_0.csv
565690,csvs/565690_1.csv
568,csvs/568_0.csv
58,csvs/58_0.csv
60997,csvs/60997_0.csv
61016,csvs/61016_0.csv
61020,csvs/61020_0.csv
61138,csvs/61138_0.csv
61199,csvs/61199_0.csv
61206,csvs/61206_0.csv
61303,csvs/61303_0.csv
61384,csvs/61384_0.csv
61814,csvs/61814_0.csv
6184,csvs/6184_0.csv
62003,csvs/62003_0.csv
62539,csvs/62539_0.csv
6276,csvs/6276_0.csv
6276,csvs/6276_1.csv
6276,csvs/6276_2.csv
6276,csvs/6276_3.csv
6276,csvs/6276_4.csv
6276,csvs/6276_5.csv
636687,csvs/636687_0.csv
637511,csvs/637511_0.csv
637511,csvs/637511_1.csv
637520,csvs/637520_0.csv
637566,csvs/637566_0.csv
637566,csvs/637566_1.csv
638079,csvs/638079_0.csv
6386,csvs/6386_0.csv
641256,csvs/641256_0.csv
6416,csvs/6416_0.csv
6417,csvs/6417_0.csv
6425,csvs/6425_0.csv
643731,csvs/643731_0.csv
643820,csvs/643820_0.csv
6501,csvs/6501_0.csv
650,csvs/650_0.csv
6549,csvs/6549_0.csv
6560,csvs/6560_0.csv
6568,csvs/6568_0.csv
6568,csvs/6568_1.csv
6569,csvs/6569_0.csv
6569,csvs/6569_1.csv
6584,csvs/6584_0.csv
6590,csvs/6590_0.csv
6669,csvs/6669_0.csv
66774,csvs/66774_0.csv
6989,csvs/6989_0.csv
69963,csvs/69963_0.csv
70099,csvs/70099_0.csv
702,csvs/702_0.csv
7047,csvs/7047_0.csv
70610,csvs/70610_0.csv
70615,csvs/70615_0.csv
7144,csvs/7144_0.csv
7150,csvs/7150_0.csv
7150,csvs/7150_1.csv
7150,csvs/7150_2.csv
7151,csvs/7151_0.csv
7169,csvs/7169_0.csv
7237,csvs/7237_0.csv
7247,csvs/7247_0.csv
7268,csvs/7268_0.csv
7334,csvs/7334_0.csv
7366,csvs/7366_0.csv
7366,csvs/7366_1.csv
7406,csvs/7406_0.csv
7410,csvs/7410_0.csv
7460,csvs/7460_0.csv
7460,csvs/7460_1.csv
7500,csvs/7500_0.csv
7500,csvs/7500_1.csv
7500,csvs/7500_2.csv
7507,csvs/7507_0.csv
7559,csvs/7559_0.csv
7581,csvs/7581_0.csv
7583,csvs/7583_0.csv
7668,csvs/7668_0.csv
7705,csvs/7705_0.csv
7725,csvs/7725_0.csv
7749,csvs/7749_0.csv
7749,csvs/7749_1.csv
7749,csvs/7749_2.csv
7761,csvs/7761_0.csv
7762,csvs/7762_0.csv
7762,csvs/7762_1.csv
7762,csvs/7762_2.csv
7765,csvs/7765_0.csv
7770,csvs/7770_0.csv
7792,csvs/7792_0.csv
7795,csvs/7795_0.csv
7797,csvs/7797_0.csv
7797,csvs/7797_1.csv
7799,csvs/7799_0.csv
7802,csvs/7802_0.csv
7803,csvs/7803_0.csv
7809,csvs/7809_0.csv
7824,csvs/7824_0.csv
7826,csvs/7826_0.csv
78274,csvs/78274_0.csv
7895,csvs/7895_0.csv
7929,csvs/7929_0.csv
7938,csvs/7938_0.csv
7943,csvs/7943_0.csv
7947,csvs/7947_0.csv
7947,csvs/7947_1.csv
7967,csvs/7967_0.csv
7991,csvs/7991_0.csv
7991,csvs/7991_1.csv
7991,csvs/7991_10.csv
7991,csvs/7991_2.csv
7991,csvs/7991_3.csv
7991,csvs/7991_4.csv
7991,csvs/7991_5.csv
7991,csvs/7991_6.csv
7991,csvs/7991_7.csv
7991,csvs/7991_8.csv
7991,csvs/7991_9.csv
7997,csvs/7997_0.csv
8034,csvs/8034_0.csv
8035,csvs/8035_0.csv
8051,csvs/8051_0.csv
8051,csvs/8051_1.csv
8058,csvs/8058_0.csv
8060,csvs/8060_0.csv
8063,csvs/8063_0.csv
8063,csvs/8063_1.csv
8063,csvs/8063_2.csv
8063,csvs/8063_3.csv
8063,csvs/8063_4.csv
8067,csvs/8067_0.csv
8091,csvs/8091_0.csv
8092,csvs/8092_0.csv
8093,csvs/8093_0.csv
8093,csvs/8093_1.csv
8093,csvs/8093_2.csv
8093,csvs/8093_3.csv
8093,csvs/8093_4.csv
8103,csvs/8103_0.csv
8103,csvs/8103_1.csv
8103,csvs/8103_2.csv
8118,csvs/8118_0.csv
8118,csvs/8118_1.csv
8125,csvs/8125_0.csv
8129,csvs/8129_0.csv
8129,csvs/8129_1.csv
8129,csvs/8129_2.csv
8130,csvs/8130_0.csv
8130,csvs/8130_1.csv
8141,csvs/8141_0.csv
8143,csvs/8143_0.csv
8160,csvs/8160_0.csv
8163,csvs/8163_0.csv
8174,csvs/8174_0.csv
8175,csvs/8175_0.csv
8175,csvs/8175_1.csv
8182,csvs/8182_0.csv
8184,csvs/8184_0.csv
8194,csvs/8194_0.csv
8205,csvs/8205_0.csv
82229,csvs/82229_0.csv
82229,csvs/82229_1.csv
8257,csvs/8257_0.csv
82916,csvs/82916_0.csv
8369,csvs/8369_0.csv
853433,csvs/853433_0.csv
8615,csvs/8615_0.csv
8635,csvs/8635_0.csv
8635,csvs/8635_1.csv
8658,csvs/8658_0.csv
88068,csvs/88068_0.csv
8842,csvs/8842_0.csv
8857,csvs/8857_0.csv
8857,csvs/8857_1.csv
8858,csvs/8858_0.csv
887,csvs/887_0.csv
887,csvs/887_1.csv
887,csvs/887_2.csv
887,csvs/887_3.csv
887,csvs/887_4.csv
887,csvs/887_5.csv
8892,csvs/8892_0.csv
8892,csvs/8892_1.csv
8900,csvs/8900_0.csv
8900,csvs/8900_1.csv
8900,csvs/8900_2.csv
8900,csvs/8900_3.csv
8900,csvs/8900_4.csv
8900,csvs/8900_5.csv
8902,csvs/8902_0.csv
8908,csvs/8908_0.csv
8914,csvs/8914_0.csv
9007,csvs/9007_0.csv
9233,csvs/9233_0.csv
9234,csvs/9234_0.csv
9266,csvs/9266_0.csv
92831,csvs/92831_0.csv
93009,csvs/93009_0.csv
93009,csvs/93009_1.csv
931,csvs/931_0.csv
94060,csvs/94060_0.csv
957,csvs/957_0.csv
957,csvs/957_1.csv
98471,csvs/98471_0.csv
99873,csvs/99873_0.csv
